14659557,3524
14659585,3516
14659624,3513
14659640,3512
14659684,3501
14659711,3500
14659946,3498
14659958,3497
14659962,3494
14659991,3492
14660017,3490
14660048,3483
14823468,3478
14823496,3473
14829411,3471
14829434,3470
14829468,3469
14829496,3467
14829502,3464
14829637,3463
15231256,3461
15308959,3453
15308976,3452
15308990,3449
15308999,3442
15309260,3439
15309468,3435
15309514,3433
15309741,3424
15309863,3422
15309928,3421
15310362,3420
15310462,3415
15310514,3414
15310579,3413
15310583,3406
15323904,3404
15323907,3403
15324057,3402
15324100,3397
15325484,3391
15325578,3381
15325619,3378
15325923,3377
15338793,3375
15338854,3373
15340194,3370
15340236,3369
15340302,3368
15340320,3366
15340437,3362
15346863,3358
15356944,3356
15356970,3347
15357024,3340
15361531,3336
15361694,3334
15361720,3331
15366905,3327
15366906,3325
15366921,3314
15368767,3312
15368882,3310
15368890,3309
15369156,3300
15369180,3298
15369233,3297
15369745,3291
15371611,3289
15371620,3288
15371675,3285
15371676,3283
15371708,3281
15371774,3274
15371785,3273
15371984,3267
15372001,3265
15399725,3261
15400232,3257
15400354,3255
15400837,3248
15400914,3245
15401330,3238
15402124,3237
15402133,3233
15500699,3230
15500959,3227
15501040,3226
15501083,3223
15501135,3213
15502896,3212
15503378,3211
15504678,3210
15605068,3207
15613092,3202
15613218,3200
15615074,3199
15615165,3191
15615174,3190
15616959,3185
15617074,3178
15617443,3177
15617453,3176
15621686,3174
15622056,3173
15622109,3172
15622351,3170
15623082,3166
15623150,3164
15623237,3158
15623605,3155
15628346,3154
15633500,3152
15633634,3151
15640359,3150
15640362,3144
15640925,3142
15646616,3137
15646617,3136
15646647,3134
15646651,3133
15646744,3130
15647483,3126
15729482,3124
15729488,3121
15729497,3120
15806812,3118
15806887,3115
15808321,3112
15808967,3110
15818473,3109
15874089,3106
15874112,3102
15874143,3100
15874160,3099
15874172,3097
16207469,3096
16207620,3094
16207688,3092
16207708,3089
16207791,3079
16207944,3074
16208032,3067
16208079,3064
16208286,3057
16208313,3053
16208381,3049
16210428,3043
16211052,3040
16211239,3038
16211309,3037
16211412,3030
16211712,3029
16214546,3025
16214568,3021
16214654,3019
16214940,3015
16215021,3013
16215504,3007
16215703,3004
16238645,2993
16243771,2992
16244115,2991
16244461,2987
16244476,2985
16244535,2983
16244556,2978
16244849,2973
16244855,2972
16244871,2971
16244911,2968
16244951,2965
16248878,2964
16248990,2963
16248998,2961
16249029,2954
16252597,2951
16254108,2948
16254120,2946
16256940,2940
16258421,2939
16258739,2938
16259805,2936
16259921,2933
16260497,2931
16260858,2930
16260951,2925
16261180,2924
16261228,2920
16261229,2919
16262354,2918
16262378,2915
16262444,2913
16262655,2911
16262717,2905
16263534,2903
16263652,2898
16264727,2897
16288062,2895
16288440,2894
16288544,2892
16289227,2888
16290171,2883
16290182,2882
16290204,2879
16290213,2875
16290332,2873
16290461,2869
16290652,2868
16290741,2866
16291021,2864
16291062,2862
16303793,2861
16303961,2856
16304702,2853
16305046,2852
16305064,2851
16305115,2850
16305424,2849
16305475,2848
16305543,2847
16340631,2845
16340781,2843
16341256,2841
16358818,2838
16550753,2837
16550776,2834
16550890,2833
16551344,2830
16639355,2829
16639365,2828
16639495,2823
16639558,2821
16650853,2815
16651099,2811
16651171,2807
16651301,2801
16651527,2799
16652077,2798
16652323,2797
16659533,2796
16659962,2789
16659967,2788
16660007,2785
16875517,2780
16875520,2777
16875630,2776
16875687,2770
16876215,2769
16876291,2767
16876360,2766
16876459,2765
16876469,2762
16879158,2761
16883012,2759
16883166,2756
16884960,2755
16884983,2752
16885640,2750
16885816,2746
16885934,2745
16886490,2739
16951276,2738
16951543,2737
16951573,2736
16953451,2732
16953642,2731
17109530,2730
17109556,2728
17110028,2725
17110168,2724
17110230,2722
17110371,2718
17174825,2717
17178985,2716
17179039,2715
17179292,2714
17179380,2711
17181696,2710
17193636,2704
17438884,2695
17439013,2694
17444078,2693
17444113,2690
17450129,2683
17450232,2682
17450980,2679
17451128,2677
17460775,2675
17460823,2673
17462225,2672
17462476,2671
17462613,2670
17464769,2667
17588119,2665
17588148,2664
17588372,2662
17588662,2661
17588682,2660
17589742,2658
17591846,2657
17592032,2656
17592644,2653
17595968,2652
17596168,2651
17596384,2649
17596427,2648
17599873,2647
17599880,2645
17601556,2643
17604866,2639
17605001,2638
17611285,2637
17611487,2636
17612403,2635
17612462,2631
17612819,2630
17612943,2629
17613900,2626
17614651,2623
17616026,2621
17616932,2620
17617050,2619
17698571,2618
17699276,2617
17699961,2612
17790331,2609
17790845,2608
17800725,2604
17800743,2603
17801164,2602
17802098,2600
17802201,2598
17804812,2596
17804917,2594
17805919,2593
17825935,2590
17827352,2587
17827451,2585
17837147,2583
19004694,2581
19005685,2580
19006091,2579
19006163,2578
19006530,2577
19006703,2573
19008058,2570
19009214,2569
19009785,2568
19013298,2566
19021297,2565
19021299,2564
19021986,2561
19022087,2560
19022572,2559
19033764,2556
19041522,2554
19041580,2553
19042160,2552
19045047,2551
19045455,2550
19048149,2549
19048609,2548
19048634,2545
19060676,2544
19085432,2542
19088625,2540
19090256,2539
19090418,2538
19093946,2537
19093948,2535
19094360,2534
19108984,2531
19109340,2530
19110979,2527
19129457,2526
19130323,2524
19168013,2523
19170816,2521
19176561,2520
19177023,2519
19179821,2518
19183055,2517
19183351,2516
19185058,2515
19185148,2514
19187728,2513
19188791,2511
19196798,2509
19651162,2508
19660886,2507
19668782,2505
19990849,2504
19993565,2503
19995434,2502
20473645,2500
20473856,2498
20487647,2497
20703612,2496
20705680,2493
20713741,2492
21051155,2491
21213917,2490
21224911,2487
21227083,2486
21237245,2485
21891366,2483
21925358,2481
21930239,2480
21944993,2479
21953256,2478
21996646,2477
22180785,2476
30404254,2474
277 -> 263 -> 397 -> 260 -> 90 -> 72 -> 266 -> 102 -> 182 -> 336 -> 321 -> 289 -> 286 -> 74 -> 309 -> 335 -> 176 -> 31 -> 6 -> 331 -> 323 -> 52 -> 40 -> 352 -> 169 -> 27 -> 268 -> 16 -> 47 -> 112 -> 244 -> 80 -> 179 -> 368 -> 238 -> 229 -> 14 -> 96 -> 94 -> 126 -> 10 -> 190 -> 138 -> 18 -> 139 -> 375 -> 371 -> 46 -> 82 -> 249 -> 240 -> 219 -> 109 -> 326 -> 210 -> 158 -> 1 -> 193 -> 108 -> 256 -> 247 -> 217 -> 384 -> 383 -> 9 -> 207 -> 45 -> 127 -> 129 -> 255 -> 385 -> 199 -> 77 -> 156 -> 390 -> 373 -> 135 -> 270 -> 157 -> 269 -> 151 -> 101 -> 213 -> 28 -> 283 -> 8 -> 354 -> 200 -> 337 -> 97 -> 153 -> 75 -> 246 -> 95 -> 271 -> 107 -> 61 -> 85 -> 32 -> 113 -> 281 -> 137 -> 36 -> 248 -> 180 -> 165 -> 202 -> 178 -> 100 -> 44 -> 92 -> 146 -> 320 -> 208 -> 128 -> 81 -> 22 -> 21 -> 188 -> 299 -> 298 -> 291 -> 379 -> 177 -> 38 -> 43 -> 34 -> 388 -> 348 -> 290 -> 181 -> 346 -> 66 -> 273 -> 370 -> 328 -> 357 -> 322 -> 317 -> 131 -> 355 -> 214 -> 192 -> 189 -> 65 -> 262 -> 261 -> 68 -> 160 -> 15 -> 93 -> 203 -> 237 -> 402 -> 287 -> 395 -> 253 -> 374 -> 363 -> 362 -> 304 -> 5 -> 142 -> 209 -> 41 -> 167 -> 239 -> 117 -> 124 -> 339 -> 105 -> 19 -> 122 -> 401 -> 400 -> 104 -> 349 -> 305 -> 215 -> 73 -> 171 -> 63 -> 377 -> 110 -> 33 -> 376 -> 316 -> 265 -> 275 -> 147 -> 99 -> 389 -> 187 -> 79 -> 353 -> 39 -> 211 -> 183 -> 17 -> 279 -> 194 -> 380 -> 315 -> 332 -> 296 -> 295 -> 152 -> 76 -> 399 -> 71 -> 251 -> 358 -> 350 -> 134 -> 288 -> 360 -> 69 -> 111 -> 369 -> 234 -> 228 -> 163 -> 25 -> 119 -> 319 -> 164 -> 3 -> 333 -> 267 -> 257 -> 345 -> 173 -> 344 -> 87 -> 125 -> 60 -> 98 -> 103 -> 276 -> 259 -> 141 -> 392 -> 351 -> 293 -> 313 -> 378 -> 297 -> 166 -> 300 -> 361 -> 51 -> 49 -> 37 -> 174 -> 250 -> 372 -> 356 -> 50 -> 56 -> 140 -> 334 -> 398 -> 396 -> 83 -> 42 -> 133 -> 64 -> 365 -> 245 -> 106 -> 359 -> 285 -> 282 -> 78 -> 226 -> 258 -> 231 -> 205 -> 204 -> 161 -> 148 -> 154 -> 314 -> 59 -> 170 -> 284 -> 307 -> 7 -> 172 -> 26 -> 220 -> 197 -> 233 -> 324 -> 144 -> 242 -> 70 -> 264 -> 274 -> 364 -> 303 -> 224 -> 159 -> 20 -> 86 -> 11 -> 91 -> 130 -> 252 -> 191 -> 162 -> 48 -> 2 -> 386 -> 391 -> 325 -> 155 -> 143 -> 149 -> 347 -> 341 -> 196 -> 0 -> 308 -> 394 -> 225 -> 301 -> 120 -> 116 -> 88 -> 201 -> 89 -> 186 -> 53 -> 168 -> 302 -> 118 -> 23 -> 393 -> 235 -> 121 -> 136 -> 236 -> 227 -> 212 -> 184 -> 4 -> 367 -> 310 -> 216 -> 342 -> 198 -> 222 -> 185 -> 312 -> 35 -> 230 -> 382 -> 381 -> 206 -> 30 -> 254 -> 223 -> 29 -> 150 -> 145 -> 340 -> 123 -> 175 -> 218 -> 221 -> 67 -> 338 -> 318 -> 366 -> 292 -> 329 -> 294 -> 327 -> 232 -> 387 -> 84 -> 272 -> 278 -> 57 -> 241 -> 330 -> 343 -> 195 -> 280 -> 12 -> 24 -> 13 -> 243 -> 311 -> 55 -> 132 -> 306 -> 115 -> 114 -> 62 -> 54 -> 58 -> 277
